{
  "initialization_time_planning": 0.689713716506958,
  "execution_time_planning": 53.480817556381226,
  "total_time": 54.170531272888184
}