{
  "initialization_time_planning": 0.1262972354888916,
  "execution_time_planning": 50.618213415145874,
  "total_time": 50.744510650634766
}