{
  "initialization_time_control": 0.10918307304382324,
  "execution_time_control": 36.464144468307495,
  "total_time": 36.57332754135132
}