{
  "initialization_time_control": 0.11338329315185547,
  "execution_time_control": 112.07947850227356,
  "total_time": 112.19286179542542
}