{
  "initialization_time_control": 0.11008310317993164,
  "execution_time_control": 32.174848318099976,
  "total_time": 32.28493142127991
}