{
  "initialization_time_control": 0.12650489807128906,
  "execution_time_control": 74.01789474487305,
  "total_time": 74.14439964294434
}