{
  "initialization_time_control": 0.10924172401428223,
  "execution_time_control": 24.83166217803955,
  "total_time": 24.940903902053833
}