{
  "initialization_time_control": 0.11303997039794922,
  "execution_time_control": 105.28810667991638,
  "total_time": 105.40114665031433
}