{
  "initialization_time_control": 0.10964155197143555,
  "execution_time_control": 67.20080995559692,
  "total_time": 67.31045150756836
}