{
  "initialization_time_control": 0.11217927932739258,
  "execution_time_control": 69.35196781158447,
  "total_time": 69.46414709091187
}