{
  "initialization_time_control": 0.11090707778930664,
  "execution_time_control": 77.60611844062805,
  "total_time": 77.71702551841736
}