{
  "initialization_time_control": 0.12302947044372559,
  "execution_time_control": 80.90908455848694,
  "total_time": 81.03211402893066
}