{
  "initialization_time_control": 0.11102437973022461,
  "execution_time_control": 104.25071334838867,
  "total_time": 104.3617377281189
}