{
  "initialization_time_control": 0.1089017391204834,
  "execution_time_control": 59.286269426345825,
  "total_time": 59.39517116546631
}