{
  "initialization_time_control": 0.10883784294128418,
  "execution_time_control": 100.3733217716217,
  "total_time": 100.48215961456299
}