{
  "initialization_time_control": 0.12130618095397949,
  "execution_time_control": 41.934157848358154,
  "total_time": 42.055464029312134
}