{
  "initialization_time_control": 0.11626553535461426,
  "execution_time_control": 101.37237167358398,
  "total_time": 101.4886372089386
}