{
  "initialization_time_control": 0.11100959777832031,
  "execution_time_control": 82.4669497013092,
  "total_time": 82.57795929908752
}