{
  "initialization_time_control": 0.1100618839263916,
  "execution_time_control": 134.70468616485596,
  "total_time": 134.81474804878235
}