{
  "initialization_time_control": 0.10878992080688477,
  "execution_time_control": 905.2904367446899,
  "total_time": 905.3992266654968
}