{
  "initialization_time_control": 0.1538093090057373,
  "execution_time_control": 94.743492603302,
  "total_time": 94.89730191230774
}