{
  "initialization_time_control": 0.12011265754699707,
  "execution_time_control": 117.91692924499512,
  "total_time": 118.03704190254211
}