{
  "initialization_time_control": 0.10809826850891113,
  "execution_time_control": 149.32557201385498,
  "total_time": 149.4336702823639
}