{
  "initialization_time_control": 0.11318135261535645,
  "execution_time_control": 64.12509346008301,
  "total_time": 64.23827481269836
}