{
  "initialization_time_control": 0.11924505233764648,
  "execution_time_control": 218.7886607646942,
  "total_time": 218.90790581703186
}