{
  "initialization_time_control": 0.10991191864013672,
  "execution_time_control": 74.76258182525635,
  "total_time": 74.87249374389648
}