{
  "initialization_time_control": 0.11198878288269043,
  "execution_time_control": 71.33059930801392,
  "total_time": 71.4425880908966
}