{
  "initialization_time_control": 0.1140129566192627,
  "execution_time_control": 119.10411334037781,
  "total_time": 119.21812629699707
}