{
  "initialization_time_control": 0.11478662490844727,
  "execution_time_control": 123.86669874191284,
  "total_time": 123.98148536682129
}