{
  "initialization_time_control": 0.15681195259094238,
  "execution_time_control": 97.12637209892273,
  "total_time": 97.28318405151367
}