{
  "initialization_time_control": 0.1093132495880127,
  "execution_time_control": 89.37878441810608,
  "total_time": 89.48809766769409
}