{
  "initialization_time_control": 0.11760973930358887,
  "execution_time_control": 216.7387444972992,
  "total_time": 216.85635423660278
}