{
  "initialization_time_planning": 0.14502501487731934,
  "execution_time_planning": 39.75930190086365,
  "total_time": 39.90432691574097
}