{
  "initialization_time_planning": 0.13544535636901855,
  "execution_time_planning": 55.441718101501465,
  "total_time": 55.57716345787048
}