{
  "initialization_time_control": 0.11133003234863281,
  "execution_time_control": 91.12366127967834,
  "total_time": 91.23499131202698
}