{
  "initialization_time_control": 0.10942840576171875,
  "execution_time_control": 279.3975384235382,
  "total_time": 279.5069668292999
}