{
  "initialization_time_control": 0.10980939865112305,
  "execution_time_control": 122.15839004516602,
  "total_time": 122.26819944381714
}