{
  "initialization_time_control": 0.11321806907653809,
  "execution_time_control": 112.56966614723206,
  "total_time": 112.6828842163086
}