{
  "initialization_time_control": 0.11245131492614746,
  "execution_time_control": 103.35130572319031,
  "total_time": 103.46375703811646
}