{
  "initialization_time_control": 0.15231537818908691,
  "execution_time_control": 104.29187035560608,
  "total_time": 104.44418573379517
}