{
  "initialization_time_planning": 0.13602375984191895,
  "execution_time_planning": 44.26203918457031,
  "total_time": 44.39806294441223
}