{
  "initialization_time_planning": 1.5893609523773193,
  "execution_time_planning": 30.06395435333252,
  "total_time": 31.65331530570984
}