{
  "initialization_time_control": 0.12637758255004883,
  "execution_time_control": 72.78247714042664,
  "total_time": 72.90885472297668
}