{
  "initialization_time_control": 0.1133880615234375,
  "execution_time_control": 106.27719116210938,
  "total_time": 106.39057922363281
}