{
  "initialization_time_control": 0.11208724975585938,
  "execution_time_control": 93.13442707061768,
  "total_time": 93.24651432037354
}