{
  "initialization_time_control": 0.1529688835144043,
  "execution_time_control": 89.97643804550171,
  "total_time": 90.12940692901611
}