{
  "initialization_time_control": 0.10771465301513672,
  "execution_time_control": 127.02101540565491,
  "total_time": 127.12873005867004
}