{
  "initialization_time_control": 0.11618494987487793,
  "execution_time_control": 80.81169533729553,
  "total_time": 80.92788028717041
}