{
  "initialization_time_control": 0.11661267280578613,
  "execution_time_control": 182.19010400772095,
  "total_time": 182.30671668052673
}