{
  "initialization_time_control": 0.15279030799865723,
  "execution_time_control": 81.7819197177887,
  "total_time": 81.93471002578735
}