{
  "initialization_time_planning": 0.1324601173400879,
  "execution_time_planning": 43.51505184173584,
  "total_time": 43.64751195907593
}