{
  "initialization_time_control": 0.15142273902893066,
  "execution_time_control": 73.73132920265198,
  "total_time": 73.88275194168091
}