{
  "initialization_time_control": 0.10489916801452637,
  "execution_time_control": 93.28419589996338,
  "total_time": 93.3890950679779
}