{
  "initialization_time_control": 0.15023016929626465,
  "execution_time_control": 63.3642783164978,
  "total_time": 63.51450848579407
}