{
  "initialization_time_control": 0.15165400505065918,
  "execution_time_control": 110.6895968914032,
  "total_time": 110.84125089645386
}