{
  "initialization_time_control": 0.1088113784790039,
  "execution_time_control": 108.90042877197266,
  "total_time": 109.00924015045166
}