{
  "initialization_time_control": 0.10901308059692383,
  "execution_time_control": 89.55067086219788,
  "total_time": 89.6596839427948
}