{
  "initialization_time_control": 0.10787129402160645,
  "execution_time_control": 101.93080544471741,
  "total_time": 102.03867673873901
}