{
  "initialization_time_planning": 0.12229442596435547,
  "execution_time_planning": 54.662367820739746,
  "total_time": 54.7846622467041
}