{
  "initialization_time_control": 0.1490933895111084,
  "execution_time_control": 21.106008768081665,
  "total_time": 21.255102157592773
}