{
  "initialization_time_control": 0.14922833442687988,
  "execution_time_control": 47.94487905502319,
  "total_time": 48.09410738945007
}