{
  "initialization_time_control": 0.14786648750305176,
  "execution_time_control": 69.87557935714722,
  "total_time": 70.02344584465027
}