{
  "initialization_time_control": 0.15032625198364258,
  "execution_time_control": 38.47090554237366,
  "total_time": 38.6212317943573
}