{
  "initialization_time_control": 0.15062761306762695,
  "execution_time_control": 139.84739804267883,
  "total_time": 139.99802565574646
}